Additional Surge,Base Capacity,Count Booking,Count Quotation,Date,Forecast-Act.,M-000,M-010,M-020,M-030,M-040,M-050,M-060,M-070,M-080,M-090,M-100,M-120,M-140,M-170,M-200,M-250,M-300,Manual Count Booking,Manual Count Quotation,Total DP,Total SP,Weekday,Yield
1,20,"[0, 0, 0, 0, 0, 0, 0, 0, 0, 0]","[0, 0, 0, 0, 0, 0, 0, 0, 0, 0]",2018-12-13,15,1,1.1,1.1,1.2,1.3,1.4,1.5,1.6,1.7000000000000002,1.8,1.9,2,2.2,2.4,2.7,3,3.5,"[0, 0, 0, 0, 0, 0, 0, 0, 0, 0]","[0, 0, 0, 0, 0, 0, 0, 0, 0, 0]",15.0,15,Thu,0.0% Drop
1,20,"[0, 0, 0, 0, 0, 0, 0, 0, 0, 0]","[0, 0, 0, 0, 0, 0, 0, 0, 0, 0]",2018-12-14,17,1,1.1,1.1,1.2,1.3,1.4,1.5,1.6,1.7000000000000002,1.8,1.9,2,2.2,2.4,2.7,3,3.5,"[0, 0, 0, 0, 0, 0, 0, 0, 0, 0]","[0, 0, 0, 0, 0, 0, 0, 0, 0, 0]",17.0,17,Fri,0.0% Drop
1,20,"[0, 0, 0, 0, 0, 0, 0, 0, 0, 0]","[0, 0, 0, 0, 0, 0, 0, 0, 0, 0]",2018-12-15,17,1,1.1,1.1,1.2,1.3,1.4,1.5,1.6,1.7000000000000002,1.8,1.9,2,2.2,2.4,2.7,3,3.5,"[0, 0, 0, 0, 0, 0, 0, 0, 0, 0]","[0, 0, 0, 0, 0, 0, 0, 0, 0, 0]",17.0,17,Sat,0.0% Drop
1,20,"[0, 0, 0, 0, 0, 0, 0, 0, 0, 0]","[0, 0, 0, 0, 0, 0, 0, 0, 0, 0]",2018-12-16,16,1,1.1,1.1,1.2,1.3,1.4,1.5,1.6,1.7000000000000002,1.8,1.9,2,2.2,2.4,2.7,3,3.5,"[0, 0, 0, 0, 0, 0, 0, 0, 0, 0]","[0, 0, 0, 0, 0, 0, 0, 0, 0, 0]",16.0,16,Sun,0.0% Drop
1,20,"[0, 0, 0, 0, 0, 0, 0, 0, 0, 0]","[0, 0, 0, 0, 0, 0, 0, 0, 0, 0]",2018-12-17,15,1,1.1,1.1,1.2,1.3,1.4,1.5,1.6,1.7000000000000002,1.8,1.9,2,2.2,2.4,2.7,3,3.5,"[0, 0, 0, 0, 0, 0, 0, 0, 0, 0]","[0, 0, 0, 0, 0, 0, 0, 0, 0, 0]",15.0,15,Mon,0.0% Drop
1,20,"[0, 0, 0, 0, 0, 0, 0, 0, 0, 0]","[0, 0, 0, 0, 0, 0, 0, 0, 0, 0]",2018-12-18,14,1,1.1,1.1,1.2,1.3,1.4,1.5,1.6,1.7000000000000002,1.8,1.9,2,2.2,2.4,2.7,3,3.5,"[0, 0, 0, 0, 0, 0, 0, 0, 0, 0]","[0, 0, 0, 0, 0, 0, 0, 0, 0, 0]",14.0,14,Tue,0.0% Drop
1,20,"[0, 0, 0, 0, 0, 0, 0, 0, 0, 0]","[0, 0, 0, 0, 0, 0, 0, 0, 0, 0]",2018-12-19,15,1,1.1,1.1,1.2,1.3,1.4,1.5,1.6,1.7000000000000002,1.8,1.9,2,2.2,2.4,2.7,3,3.5,"[0, 0, 0, 0, 0, 0, 0, 0, 0, 0]","[0, 0, 0, 0, 0, 0, 0, 0, 0, 0]",15.0,15,Wed,0.0% Drop
1,20,"[0, 0, 0, 0, 0, 0, 0, 0, 0, 0]","[0, 0, 0, 0, 0, 0, 0, 0, 0, 0]",2018-12-20,16,1,1.1,1.1,1.2,1.3,1.4,1.5,1.6,1.7000000000000002,1.8,1.9,2,2.2,2.4,2.7,3,3.5,"[0, 0, 0, 0, 0, 0, 0, 0, 0, 0]","[0, 0, 0, 0, 0, 0, 0, 0, 0, 0]",16.0,16,Thu,0.0% Drop
1,20,"[0, 0, 0, 0, 0, 0, 0, 0, 0, 0]","[0, 0, 0, 0, 0, 0, 0, 0, 0, 0]",2018-12-21,17,1,1.1,1.1,1.2,1.3,1.4,1.5,1.6,1.7000000000000002,1.8,1.9,2,2.2,2.4,2.7,3,3.5,"[0, 0, 0, 0, 0, 0, 0, 0, 0, 0]","[0, 0, 0, 0, 0, 0, 0, 0, 0, 0]",17.0,17,Fri,0.0% Drop
1,20,"[0, 0, 0, 0, 0, 0, 0, 0, 0, 0]","[0, 0, 0, 0, 0, 0, 0, 0, 0, 0]",2018-12-22,17,1,1.1,1.1,1.2,1.3,1.4,1.5,1.6,1.7000000000000002,1.8,1.9,2,2.2,2.4,2.7,3,3.5,"[0, 0, 0, 0, 0, 0, 0, 0, 0, 0]","[0, 0, 0, 0, 0, 0, 0, 0, 0, 0]",17.0,17,Sat,0.0% Drop
1,20,"[0, 0, 0, 0, 0, 0, 0, 0, 0, 0]","[0, 0, 0, 0, 0, 0, 0, 0, 0, 0]",2018-12-23,16,1,1.1,1.1,1.2,1.3,1.4,1.5,1.6,1.7000000000000002,1.8,1.9,2,2.2,2.4,2.7,3,3.5,"[0, 0, 0, 0, 0, 0, 0, 0, 0, 0]","[0, 0, 0, 0, 0, 0, 0, 0, 0, 0]",16.0,16,Sun,0.0% Drop
1,20,"[0, 0, 0, 0, 0, 0, 0, 0, 0, 0]","[0, 0, 0, 0, 0, 0, 0, 0, 0, 0]",2018-12-24,15,1,1.1,1.1,1.2,1.3,1.4,1.5,1.6,1.7000000000000002,1.8,1.9,2,2.2,2.4,2.7,3,3.5,"[0, 0, 0, 0, 0, 0, 0, 0, 0, 0]","[0, 0, 0, 0, 0, 0, 0, 0, 0, 0]",15.0,15,Mon,0.0% Drop
1,20,"[0, 0, 0, 0, 0, 0, 0, 0, 0, 0]","[0, 0, 0, 0, 0, 0, 0, 0, 0, 0]",2018-12-25,14,1,1.1,1.1,1.2,1.3,1.4,1.5,1.6,1.7000000000000002,1.8,1.9,2,2.2,2.4,2.7,3,3.5,"[0, 0, 0, 0, 0, 0, 0, 0, 0, 0]","[0, 0, 0, 0, 0, 0, 0, 0, 0, 0]",14.0,14,Tue,0.0% Drop
1,20,"[0, 0, 0, 0, 0, 0, 0, 0, 0, 0]","[0, 0, 0, 0, 0, 0, 0, 0, 0, 0]",2018-12-26,15,1,1.1,1.1,1.2,1.3,1.4,1.5,1.6,1.7000000000000002,1.8,1.9,2,2.2,2.4,2.7,3,3.5,"[0, 0, 0, 0, 0, 0, 0, 0, 0, 0]","[0, 0, 0, 0, 0, 0, 0, 0, 0, 0]",15.0,15,Wed,0.0% Drop
1,20,"[0, 0, 0, 0, 0, 0, 0, 0, 0, 0]","[0, 0, 0, 0, 0, 0, 0, 0, 0, 0]",2018-12-27,15,1,1.1,1.1,1.2,1.3,1.4,1.5,1.6,1.7000000000000002,1.8,1.9,2,2.2,2.4,2.7,3,3.5,"[0, 0, 0, 0, 0, 0, 0, 0, 0, 0]","[0, 0, 0, 0, 0, 0, 0, 0, 0, 0]",15.0,15,Thu,0.0% Drop
1,20,"[0, 0, 0, 0, 0, 0, 0, 0, 0, 0]","[0, 0, 0, 0, 0, 0, 0, 0, 0, 0]",2018-12-28,17,1,1.1,1.1,1.2,1.3,1.4,1.5,1.6,1.7000000000000002,1.8,1.9,2,2.2,2.4,2.7,3,3.5,"[0, 0, 0, 0, 0, 0, 0, 0, 0, 0]","[0, 0, 0, 0, 0, 0, 0, 0, 0, 0]",17.0,17,Fri,0.0% Drop
1,20,"[0, 0, 0, 0, 0, 0, 0, 0, 0, 0]","[0, 0, 0, 0, 0, 0, 0, 0, 0, 0]",2018-12-29,16,1,1.1,1.1,1.2,1.3,1.4,1.5,1.6,1.7000000000000002,1.8,1.9,2,2.2,2.4,2.7,3,3.5,"[0, 0, 0, 0, 0, 0, 0, 0, 0, 0]","[0, 0, 0, 0, 0, 0, 0, 0, 0, 0]",16.0,16,Sat,0.0% Drop
1,20,"[0, 0, 0, 0, 0, 0, 0, 0, 0, 0]","[0, 0, 0, 0, 0, 0, 0, 0, 0, 0]",2018-12-30,15,1,1.1,1.1,1.2,1.3,1.4,1.5,1.6,1.7000000000000002,1.8,1.9,2,2.2,2.4,2.7,3,3.5,"[0, 0, 0, 0, 0, 0, 0, 0, 0, 0]","[0, 0, 0, 0, 0, 0, 0, 0, 0, 0]",15.0,15,Sun,0.0% Drop
1,20,"[0, 0, 0, 0, 0, 0, 0, 0, 0, 0]","[0, 0, 0, 0, 0, 0, 0, 0, 0, 0]",2018-12-31,15,1,1.1,1.1,1.2,1.3,1.4,1.5,1.6,1.7000000000000002,1.8,1.9,2,2.2,2.4,2.7,3,3.5,"[0, 0, 0, 0, 0, 0, 0, 0, 0, 0]","[0, 0, 0, 0, 0, 0, 0, 0, 0, 0]",15.0,15,Mon,0.0% Drop
1,20,"[0, 0, 0, 0, 0, 0, 0, 0, 0, 0]","[0, 0, 0, 0, 0, 0, 0, 0, 0, 0]",2019-01-01,14,1,1.1,1.1,1.2,1.3,1.4,1.5,1.6,1.7000000000000002,1.8,1.9,2,2.2,2.4,2.7,3,3.5,"[0, 0, 0, 0, 0, 0, 0, 0, 0, 0]","[0, 0, 0, 0, 0, 0, 0, 0, 0, 0]",14.0,14,Tue,0.0% Drop
1,20,"[0, 0, 0, 0, 0, 0, 0, 0, 0, 0]","[0, 0, 0, 0, 0, 0, 0, 0, 0, 0]",2019-01-02,14,1,1.1,1.1,1.2,1.3,1.4,1.5,1.6,1.7000000000000002,1.8,1.9,2,2.2,2.4,2.7,3,3.5,"[0, 0, 0, 0, 0, 0, 0, 0, 0, 0]","[0, 0, 0, 0, 0, 0, 0, 0, 0, 0]",14.0,14,Wed,0.0% Drop
1,20,"[0, 0, 0, 0, 0, 0, 0, 0, 0, 0]","[0, 0, 0, 0, 0, 0, 0, 0, 0, 0]",2019-01-03,15,1,1.1,1.1,1.2,1.3,1.4,1.5,1.6,1.7000000000000002,1.8,1.9,2,2.2,2.4,2.7,3,3.5,"[0, 0, 0, 0, 0, 0, 0, 0, 0, 0]","[0, 0, 0, 0, 0, 0, 0, 0, 0, 0]",15.0,15,Thu,0.0% Drop
1,20,"[0, 0, 0, 0, 0, 0, 0, 0, 0, 0]","[0, 0, 0, 0, 0, 0, 0, 0, 0, 0]",2019-01-04,16,1,1.1,1.1,1.2,1.3,1.4,1.5,1.6,1.7000000000000002,1.8,1.9,2,2.2,2.4,2.7,3,3.5,"[0, 0, 0, 0, 0, 0, 0, 0, 0, 0]","[0, 0, 0, 0, 0, 0, 0, 0, 0, 0]",16.0,16,Fri,0.0% Drop
1,20,"[0, 0, 0, 0, 0, 0, 0, 0, 0, 0]","[0, 0, 0, 0, 0, 0, 0, 0, 0, 0]",2019-01-05,16,1,1.1,1.1,1.2,1.3,1.4,1.5,1.6,1.7000000000000002,1.8,1.9,2,2.2,2.4,2.7,3,3.5,"[0, 0, 0, 0, 0, 0, 0, 0, 0, 0]","[0, 0, 0, 0, 0, 0, 0, 0, 0, 0]",16.0,16,Sat,0.0% Drop
1,20,"[0, 0, 0, 0, 0, 0, 0, 0, 0, 0]","[0, 0, 0, 0, 0, 0, 0, 0, 0, 0]",2019-01-06,15,1,1.1,1.1,1.2,1.3,1.4,1.5,1.6,1.7000000000000002,1.8,1.9,2,2.2,2.4,2.7,3,3.5,"[0, 0, 0, 0, 0, 0, 0, 0, 0, 0]","[0, 0, 0, 0, 0, 0, 0, 0, 0, 0]",15.0,15,Sun,0.0% Drop
1,20,"[0, 0, 0, 0, 0, 0, 0, 0, 0, 0]","[0, 0, 0, 0, 0, 0, 0, 0, 0, 0]",2019-01-07,15,1,1.1,1.1,1.2,1.3,1.4,1.5,1.6,1.7000000000000002,1.8,1.9,2,2.2,2.4,2.7,3,3.5,"[0, 0, 0, 0, 0, 0, 0, 0, 0, 0]","[0, 0, 0, 0, 0, 0, 0, 0, 0, 0]",15.0,15,Mon,0.0% Drop
1,20,"[0, 0, 0, 0, 0, 0, 0, 0, 0, 0]","[0, 0, 0, 0, 0, 0, 0, 0, 0, 0]",2019-01-08,14,1,1.1,1.1,1.2,1.3,1.4,1.5,1.6,1.7000000000000002,1.8,1.9,2,2.2,2.4,2.7,3,3.5,"[0, 0, 0, 0, 0, 0, 0, 0, 0, 0]","[0, 0, 0, 0, 0, 0, 0, 0, 0, 0]",14.0,14,Tue,0.0% Drop
1,20,"[0, 0, 0, 0, 0, 0, 0, 0, 0, 0]","[0, 0, 0, 0, 0, 0, 0, 0, 0, 0]",2019-01-09,14,1,1.1,1.1,1.2,1.3,1.4,1.5,1.6,1.7000000000000002,1.8,1.9,2,2.2,2.4,2.7,3,3.5,"[0, 0, 0, 0, 0, 0, 0, 0, 0, 0]","[0, 0, 0, 0, 0, 0, 0, 0, 0, 0]",14.0,14,Wed,0.0% Drop
1,20,"[0, 0, 0, 0, 0, 0, 0, 0, 0, 0]","[0, 0, 0, 0, 0, 0, 0, 0, 0, 0]",2019-01-10,16,1,1.1,1.1,1.2,1.3,1.4,1.5,1.6,1.7000000000000002,1.8,1.9,2,2.2,2.4,2.7,3,3.5,"[0, 0, 0, 0, 0, 0, 0, 0, 0, 0]","[0, 0, 0, 0, 0, 0, 0, 0, 0, 0]",16.0,16,Thu,0.0% Drop
1,20,"[0, 0, 0, 0, 0, 0, 0, 0, 0, 0]","[0, 0, 0, 0, 0, 0, 0, 0, 0, 0]",2019-01-11,17,1,1.1,1.1,1.2,1.3,1.4,1.5,1.6,1.7000000000000002,1.8,1.9,2,2.2,2.4,2.7,3,3.5,"[0, 0, 0, 0, 0, 0, 0, 0, 0, 0]","[0, 0, 0, 0, 0, 0, 0, 0, 0, 0]",17.0,17,Fri,0.0% Drop
1,20,"[0, 0, 0, 0, 0, 0, 0, 0, 0, 0]","[0, 0, 0, 0, 0, 0, 0, 0, 0, 0]",2019-01-12,17,1,1.1,1.1,1.2,1.3,1.4,1.5,1.6,1.7000000000000002,1.8,1.9,2,2.2,2.4,2.7,3,3.5,"[0, 0, 0, 0, 0, 0, 0, 0, 0, 0]","[0, 0, 0, 0, 0, 0, 0, 0, 0, 0]",17.0,17,Sat,0.0% Drop
1,20,"[0, 0, 0, 0, 0, 0, 0, 0, 0, 0]","[0, 0, 0, 0, 0, 0, 0, 0, 0, 0]",2019-01-13,16,1,1.1,1.1,1.2,1.3,1.4,1.5,1.6,1.7000000000000002,1.8,1.9,2,2.2,2.4,2.7,3,3.5,"[0, 0, 0, 0, 0, 0, 0, 0, 0, 0]","[0, 0, 0, 0, 0, 0, 0, 0, 0, 0]",16.0,16,Sun,0.0% Drop
1,20,"[0, 0, 0, 0, 0, 0, 0, 0, 0, 0]","[0, 0, 0, 0, 0, 0, 0, 0, 0, 0]",2019-01-14,16,1,1.1,1.1,1.2,1.3,1.4,1.5,1.6,1.7000000000000002,1.8,1.9,2,2.2,2.4,2.7,3,3.5,"[0, 0, 0, 0, 0, 0, 0, 0, 0, 0]","[0, 0, 0, 0, 0, 0, 0, 0, 0, 0]",16.0,16,Mon,0.0% Drop
1,20,"[0, 0, 0, 0, 0, 0, 0, 0, 0, 0]","[0, 0, 0, 0, 0, 0, 0, 0, 0, 0]",2019-01-15,15,1,1.1,1.1,1.2,1.3,1.4,1.5,1.6,1.7000000000000002,1.8,1.9,2,2.2,2.4,2.7,3,3.5,"[0, 0, 0, 0, 0, 0, 0, 0, 0, 0]","[0, 0, 0, 0, 0, 0, 0, 0, 0, 0]",15.0,15,Tue,0.0% Drop
1,20,"[0, 0, 0, 0, 0, 0, 0, 0, 0, 0]","[0, 0, 0, 0, 0, 0, 0, 0, 0, 0]",2019-01-16,16,1,1.1,1.1,1.2,1.3,1.4,1.5,1.6,1.7000000000000002,1.8,1.9,2,2.2,2.4,2.7,3,3.5,"[0, 0, 0, 0, 0, 0, 0, 0, 0, 0]","[0, 0, 0, 0, 0, 0, 0, 0, 0, 0]",16.0,16,Wed,0.0% Drop
1,20,"[0, 0, 0, 0, 0, 0, 0, 0, 0, 0]","[0, 0, 0, 0, 0, 0, 0, 0, 0, 0]",2019-01-17,17,1,1.1,1.1,1.2,1.3,1.4,1.5,1.6,1.7000000000000002,1.8,1.9,2,2.2,2.4,2.7,3,3.5,"[0, 0, 0, 0, 0, 0, 0, 0, 0, 0]","[0, 0, 0, 0, 0, 0, 0, 0, 0, 0]",17.0,17,Thu,0.0% Drop
1,20,"[0, 0, 0, 0, 0, 0, 0, 0, 0, 0]","[0, 0, 0, 0, 0, 0, 0, 0, 0, 0]",2019-01-18,18,1,1.1,1.1,1.2,1.3,1.4,1.5,1.6,1.7000000000000002,1.8,1.9,2,2.2,2.4,2.7,3,3.5,"[0, 0, 0, 0, 0, 0, 0, 0, 0, 0]","[0, 0, 0, 0, 0, 0, 0, 0, 0, 0]",18.0,18,Fri,0.0% Drop
1,20,"[0, 0, 0, 0, 0, 0, 0, 0, 0, 0]","[0, 0, 0, 0, 0, 0, 0, 0, 0, 0]",2019-01-19,18,1,1.1,1.1,1.2,1.3,1.4,1.5,1.6,1.7000000000000002,1.8,1.9,2,2.2,2.4,2.7,3,3.5,"[0, 0, 0, 0, 0, 0, 0, 0, 0, 0]","[0, 0, 0, 0, 0, 0, 0, 0, 0, 0]",18.0,18,Sat,0.0% Drop
1,20,"[0, 0, 0, 0, 0, 0, 0, 0, 0, 0]","[0, 0, 0, 0, 0, 0, 0, 0, 0, 0]",2019-01-20,17,1,1.1,1.1,1.2,1.3,1.4,1.5,1.6,1.7000000000000002,1.8,1.9,2,2.2,2.4,2.7,3,3.5,"[0, 0, 0, 0, 0, 0, 0, 0, 0, 0]","[0, 0, 0, 0, 0, 0, 0, 0, 0, 0]",17.0,17,Sun,0.0% Drop
1,20,"[0, 0, 0, 0, 0, 0, 0, 0, 0, 0]","[0, 0, 0, 0, 0, 0, 0, 0, 0, 0]",2019-01-21,17,1,1.1,1.1,1.2,1.3,1.4,1.5,1.6,1.7000000000000002,1.8,1.9,2,2.2,2.4,2.7,3,3.5,"[0, 0, 0, 0, 0, 0, 0, 0, 0, 0]","[0, 0, 0, 0, 0, 0, 0, 0, 0, 0]",17.0,17,Mon,0.0% Drop
1,20,"[0, 0, 0, 0, 0, 0, 0, 0, 0, 0]","[0, 0, 0, 0, 0, 0, 0, 0, 0, 0]",2019-01-22,16,1,1.1,1.1,1.2,1.3,1.4,1.5,1.6,1.7000000000000002,1.8,1.9,2,2.2,2.4,2.7,3,3.5,"[0, 0, 0, 0, 0, 0, 0, 0, 0, 0]","[0, 0, 0, 0, 0, 0, 0, 0, 0, 0]",16.0,16,Tue,0.0% Drop
1,20,"[0, 0, 0, 0, 0, 0, 0, 0, 0, 0]","[0, 0, 0, 0, 0, 0, 0, 0, 0, 0]",2019-01-23,17,1,1.1,1.1,1.2,1.3,1.4,1.5,1.6,1.7000000000000002,1.8,1.9,2,2.2,2.4,2.7,3,3.5,"[0, 0, 0, 0, 0, 0, 0, 0, 0, 0]","[0, 0, 0, 0, 0, 0, 0, 0, 0, 0]",17.0,17,Wed,0.0% Drop
1,20,"[0, 0, 0, 0, 0, 0, 0, 0, 0, 0]","[0, 0, 0, 0, 0, 0, 0, 0, 0, 0]",2019-01-24,18,1,1.1,1.1,1.2,1.3,1.4,1.5,1.6,1.7000000000000002,1.8,1.9,2,2.2,2.4,2.7,3,3.5,"[0, 0, 0, 0, 0, 0, 0, 0, 0, 0]","[0, 0, 0, 0, 0, 0, 0, 0, 0, 0]",18.0,18,Thu,0.0% Drop
1,20,"[0, 0, 0, 0, 0, 0, 0, 0, 0, 0]","[0, 0, 0, 0, 0, 0, 0, 0, 0, 0]",2019-01-25,19,1,1.1,1.1,1.2,1.3,1.4,1.5,1.6,1.7000000000000002,1.8,1.9,2,2.2,2.4,2.7,3,3.5,"[0, 0, 0, 0, 0, 0, 0, 0, 0, 0]","[0, 0, 0, 0, 0, 0, 0, 0, 0, 0]",19.0,19,Fri,0.0% Drop
1,20,"[0, 0, 0, 0, 0, 0, 0, 0, 0, 0]","[0, 0, 0, 0, 0, 0, 0, 0, 0, 0]",2019-01-26,19,1,1.1,1.1,1.2,1.3,1.4,1.5,1.6,1.7000000000000002,1.8,1.9,2,2.2,2.4,2.7,3,3.5,"[0, 0, 0, 0, 0, 0, 0, 0, 0, 0]","[0, 0, 0, 0, 0, 0, 0, 0, 0, 0]",19.0,19,Sat,0.0% Drop
1,20,"[0, 0, 0, 0, 0, 0, 0, 0, 0, 0]","[0, 0, 0, 0, 0, 0, 0, 0, 0, 0]",2019-01-27,18,1,1.1,1.1,1.2,1.3,1.4,1.5,1.6,1.7000000000000002,1.8,1.9,2,2.2,2.4,2.7,3,3.5,"[0, 0, 0, 0, 0, 0, 0, 0, 0, 0]","[0, 0, 0, 0, 0, 0, 0, 0, 0, 0]",18.0,18,Sun,0.0% Drop
1,20,"[0, 0, 0, 0, 0, 0, 0, 0, 0, 0]","[0, 0, 0, 0, 0, 0, 0, 0, 0, 0]",2019-01-28,17,1,1.1,1.1,1.2,1.3,1.4,1.5,1.6,1.7000000000000002,1.8,1.9,2,2.2,2.4,2.7,3,3.5,"[0, 0, 0, 0, 0, 0, 0, 0, 0, 0]","[0, 0, 0, 0, 0, 0, 0, 0, 0, 0]",17.0,17,Mon,0.0% Drop
1,20,"[0, 0, 0, 0, 0, 0, 0, 0, 0, 0]","[0, 0, 0, 0, 0, 0, 0, 0, 0, 0]",2019-01-29,16,1,1.1,1.1,1.2,1.3,1.4,1.5,1.6,1.7000000000000002,1.8,1.9,2,2.2,2.4,2.7,3,3.5,"[0, 0, 0, 0, 0, 0, 0, 0, 0, 0]","[0, 0, 0, 0, 0, 0, 0, 0, 0, 0]",16.0,16,Tue,0.0% Drop
1,20,"[0, 0, 0, 0, 0, 0, 0, 0, 0, 0]","[0, 0, 0, 0, 0, 0, 0, 0, 0, 0]",2019-01-30,17,1,1.1,1.1,1.2,1.3,1.4,1.5,1.6,1.7000000000000002,1.8,1.9,2,2.2,2.4,2.7,3,3.5,"[0, 0, 0, 0, 0, 0, 0, 0, 0, 0]","[0, 0, 0, 0, 0, 0, 0, 0, 0, 0]",17.0,17,Wed,0.0% Drop
1,20,"[0, 0, 0, 0, 0, 0, 0, 0, 0, 0]","[0, 0, 0, 0, 0, 0, 0, 0, 0, 0]",2019-01-31,18,1,1.1,1.1,1.2,1.3,1.4,1.5,1.6,1.7000000000000002,1.8,1.9,2,2.2,2.4,2.7,3,3.5,"[0, 0, 0, 0, 0, 0, 0, 0, 0, 0]","[0, 0, 0, 0, 0, 0, 0, 0, 0, 0]",18.0,18,Thu,0.0% Drop
1,20,"[0, 0, 0, 0, 0, 0, 0, 0, 0, 0]","[0, 0, 0, 0, 0, 0, 0, 0, 0, 0]",2019-02-01,19,1,1.1,1.1,1.2,1.3,1.4,1.5,1.6,1.7000000000000002,1.8,1.9,2,2.2,2.4,2.7,3,3.5,"[0, 0, 0, 0, 0, 0, 0, 0, 0, 0]","[0, 0, 0, 0, 0, 0, 0, 0, 0, 0]",19.0,19,Fri,0.0% Drop
1,20,"[0, 0, 0, 0, 0, 0, 0, 0, 0, 0]","[0, 0, 0, 0, 0, 0, 0, 0, 0, 0]",2019-02-02,19,1,1.1,1.1,1.2,1.3,1.4,1.5,1.6,1.7000000000000002,1.8,1.9,2,2.2,2.4,2.7,3,3.5,"[0, 0, 0, 0, 0, 0, 0, 0, 0, 0]","[0, 0, 0, 0, 0, 0, 0, 0, 0, 0]",19.0,19,Sat,0.0% Drop
1,20,"[0, 0, 0, 0, 0, 0, 0, 0, 0, 0]","[0, 0, 0, 0, 0, 0, 0, 0, 0, 0]",2019-02-03,18,1,1.1,1.1,1.2,1.3,1.4,1.5,1.6,1.7000000000000002,1.8,1.9,2,2.2,2.4,2.7,3,3.5,"[0, 0, 0, 0, 0, 0, 0, 0, 0, 0]","[0, 0, 0, 0, 0, 0, 0, 0, 0, 0]",18.0,18,Sun,0.0% Drop
1,20,"[0, 0, 0, 0, 0, 0, 0, 0, 0, 0]","[0, 0, 0, 0, 0, 0, 0, 0, 0, 0]",2019-02-04,17,1,1.1,1.1,1.2,1.3,1.4,1.5,1.6,1.7000000000000002,1.8,1.9,2,2.2,2.4,2.7,3,3.5,"[0, 0, 0, 0, 0, 0, 0, 0, 0, 0]","[0, 0, 0, 0, 0, 0, 0, 0, 0, 0]",17.0,17,Mon,0.0% Drop
1,20,"[0, 0, 0, 0, 0, 0, 0, 0, 0, 0]","[0, 0, 0, 0, 0, 0, 0, 0, 0, 0]",2019-02-05,17,1,1.1,1.1,1.2,1.3,1.4,1.5,1.6,1.7000000000000002,1.8,1.9,2,2.2,2.4,2.7,3,3.5,"[0, 0, 0, 0, 0, 0, 0, 0, 0, 0]","[0, 0, 0, 0, 0, 0, 0, 0, 0, 0]",17.0,17,Tue,0.0% Drop
1,20,"[0, 0, 0, 0, 0, 0, 0, 0, 0, 0]","[0, 0, 0, 0, 0, 0, 0, 0, 0, 0]",2019-02-06,17,1,1.1,1.1,1.2,1.3,1.4,1.5,1.6,1.7000000000000002,1.8,1.9,2,2.2,2.4,2.7,3,3.5,"[0, 0, 0, 0, 0, 0, 0, 0, 0, 0]","[0, 0, 0, 0, 0, 0, 0, 0, 0, 0]",17.0,17,Wed,0.0% Drop
1,20,"[0, 0, 0, 0, 0, 0, 0, 0, 0, 0]","[0, 0, 0, 0, 0, 0, 0, 0, 0, 0]",2019-02-07,18,1,1.1,1.1,1.2,1.3,1.4,1.5,1.6,1.7000000000000002,1.8,1.9,2,2.2,2.4,2.7,3,3.5,"[0, 0, 0, 0, 0, 0, 0, 0, 0, 0]","[0, 0, 0, 0, 0, 0, 0, 0, 0, 0]",18.0,18,Thu,0.0% Drop
1,20,"[0, 0, 0, 0, 0, 0, 0, 0, 0, 0]","[0, 0, 0, 0, 0, 0, 0, 0, 0, 0]",2019-02-08,19,1,1.1,1.1,1.2,1.3,1.4,1.5,1.6,1.7000000000000002,1.8,1.9,2,2.2,2.4,2.7,3,3.5,"[0, 0, 0, 0, 0, 0, 0, 0, 0, 0]","[0, 0, 0, 0, 0, 0, 0, 0, 0, 0]",19.0,19,Fri,0.0% Drop
1,20,"[0, 0, 0, 0, 0, 0, 0, 0, 0, 0]","[0, 0, 0, 0, 0, 0, 0, 0, 0, 0]",2019-02-09,19,1,1.1,1.1,1.2,1.3,1.4,1.5,1.6,1.7000000000000002,1.8,1.9,2,2.2,2.4,2.7,3,3.5,"[0, 0, 0, 0, 0, 0, 0, 0, 0, 0]","[0, 0, 0, 0, 0, 0, 0, 0, 0, 0]",19.0,19,Sat,0.0% Drop
1,20,"[0, 0, 0, 0, 0, 0, 0, 0, 0, 0]","[0, 0, 0, 0, 0, 0, 0, 0, 0, 0]",2019-02-10,18,1,1.1,1.1,1.2,1.3,1.4,1.5,1.6,1.7000000000000002,1.8,1.9,2,2.2,2.4,2.7,3,3.5,"[0, 0, 0, 0, 0, 0, 0, 0, 0, 0]","[0, 0, 0, 0, 0, 0, 0, 0, 0, 0]",18.0,18,Sun,0.0% Drop
1,20,"[0, 0, 0, 0, 0, 0, 0, 0, 0, 0]","[0, 0, 0, 0, 0, 0, 0, 0, 0, 0]",2019-02-11,18,1,1.1,1.1,1.2,1.3,1.4,1.5,1.6,1.7000000000000002,1.8,1.9,2,2.2,2.4,2.7,3,3.5,"[0, 0, 0, 0, 0, 0, 0, 0, 0, 0]","[0, 0, 0, 0, 0, 0, 0, 0, 0, 0]",18.0,18,Mon,0.0% Drop
1,20,"[0, 0, 0, 0, 0, 0, 0, 0, 0, 0]","[0, 0, 0, 0, 0, 0, 0, 0, 0, 0]",2019-02-12,17,1,1.1,1.1,1.2,1.3,1.4,1.5,1.6,1.7000000000000002,1.8,1.9,2,2.2,2.4,2.7,3,3.5,"[0, 0, 0, 0, 0, 0, 0, 0, 0, 0]","[0, 0, 0, 0, 0, 0, 0, 0, 0, 0]",17.0,17,Tue,0.0% Drop
1,20,"[0, 0, 0, 0, 0, 0, 0, 0, 0, 0]","[0, 0, 0, 0, 0, 0, 0, 0, 0, 0]",2019-02-13,18,1,1.1,1.1,1.2,1.3,1.4,1.5,1.6,1.7000000000000002,1.8,1.9,2,2.2,2.4,2.7,3,3.5,"[0, 0, 0, 0, 0, 0, 0, 0, 0, 0]","[0, 0, 0, 0, 0, 0, 0, 0, 0, 0]",18.0,18,Wed,0.0% Drop
1,20,"[0, 0, 0, 0, 0, 0, 0, 0, 0, 0]","[0, 0, 0, 0, 0, 0, 0, 0, 0, 0]",2019-02-14,19,1,1.1,1.1,1.2,1.3,1.4,1.5,1.6,1.7000000000000002,1.8,1.9,2,2.2,2.4,2.7,3,3.5,"[0, 0, 0, 0, 0, 0, 0, 0, 0, 0]","[0, 0, 0, 0, 0, 0, 0, 0, 0, 0]",19.0,19,Thu,0.0% Drop
1,20,"[0, 0, 0, 0, 0, 0, 0, 0, 0, 0]","[0, 0, 0, 0, 0, 0, 0, 0, 0, 0]",2019-02-15,20,1,1.1,1.1,1.2,1.3,1.4,1.5,1.6,1.7000000000000002,1.8,1.9,2,2.2,2.4,2.7,3,3.5,"[0, 0, 0, 0, 0, 0, 0, 0, 0, 0]","[0, 0, 0, 0, 0, 0, 0, 0, 0, 0]",20.0,20,Fri,0.0% Drop
1,20,"[0, 0, 0, 0, 0, 0, 0, 0, 0, 0]","[0, 0, 0, 0, 0, 0, 0, 0, 0, 0]",2019-02-16,20,1,1.1,1.1,1.2,1.3,1.4,1.5,1.6,1.7000000000000002,1.8,1.9,2,2.2,2.4,2.7,3,3.5,"[0, 0, 0, 0, 0, 0, 0, 0, 0, 0]","[0, 0, 0, 0, 0, 0, 0, 0, 0, 0]",20.0,20,Sat,0.0% Drop
1,20,"[0, 0, 0, 0, 0, 0, 0, 0, 0, 0]","[0, 0, 0, 0, 0, 0, 0, 0, 0, 0]",2019-02-17,19,1,1.1,1.1,1.2,1.3,1.4,1.5,1.6,1.7000000000000002,1.8,1.9,2,2.2,2.4,2.7,3,3.5,"[0, 0, 0, 0, 0, 0, 0, 0, 0, 0]","[0, 0, 0, 0, 0, 0, 0, 0, 0, 0]",19.0,19,Sun,0.0% Drop
1,20,"[0, 0, 0, 0, 0, 0, 0, 0, 0, 0]","[0, 0, 0, 0, 0, 0, 0, 0, 0, 0]",2019-02-18,19,1,1.1,1.1,1.2,1.3,1.4,1.5,1.6,1.7000000000000002,1.8,1.9,2,2.2,2.4,2.7,3,3.5,"[0, 0, 0, 0, 0, 0, 0, 0, 0, 0]","[0, 0, 0, 0, 0, 0, 0, 0, 0, 0]",19.0,19,Mon,0.0% Drop
1,20,"[0, 0, 0, 0, 0, 0, 0, 0, 0, 0]","[0, 0, 0, 0, 0, 0, 0, 0, 0, 0]",2019-02-19,18,1,1.1,1.1,1.2,1.3,1.4,1.5,1.6,1.7000000000000002,1.8,1.9,2,2.2,2.4,2.7,3,3.5,"[0, 0, 0, 0, 0, 0, 0, 0, 0, 0]","[0, 0, 0, 0, 0, 0, 0, 0, 0, 0]",18.0,18,Tue,0.0% Drop
1,20,"[0, 0, 0, 0, 0, 0, 0, 0, 0, 0]","[0, 0, 0, 0, 0, 0, 0, 0, 0, 0]",2019-02-20,19,1,1.1,1.1,1.2,1.3,1.4,1.5,1.6,1.7000000000000002,1.8,1.9,2,2.2,2.4,2.7,3,3.5,"[0, 0, 0, 0, 0, 0, 0, 0, 0, 0]","[0, 0, 0, 0, 0, 0, 0, 0, 0, 0]",19.0,19,Wed,0.0% Drop
1,20,"[0, 0, 0, 0, 0, 0, 0, 0, 0, 0]","[0, 0, 0, 0, 0, 0, 0, 0, 0, 0]",2019-02-21,20,1,1.1,1.1,1.2,1.3,1.4,1.5,1.6,1.7000000000000002,1.8,1.9,2,2.2,2.4,2.7,3,3.5,"[0, 0, 0, 0, 0, 0, 0, 0, 0, 0]","[0, 0, 0, 0, 0, 0, 0, 0, 0, 0]",20.0,20,Thu,0.0% Drop
1,20,"[0, 0, 0, 0, 0, 0, 0, 0, 0, 0]","[0, 0, 0, 0, 0, 0, 0, 0, 0, 0]",2019-02-22,21,1,1.1,1.1,1.2,1.3,1.4,1.5,1.6,1.7000000000000002,1.8,1.9,2,2.2,2.4,2.7,3,3.5,"[0, 0, 0, 0, 0, 0, 0, 0, 0, 0]","[0, 0, 0, 0, 0, 0, 0, 0, 0, 0]",21.1,21,Fri,0.48% Increase
1,20,"[0, 0, 0, 0, 0, 0, 0, 0, 0, 0]","[0, 0, 0, 0, 0, 0, 0, 0, 0, 0]",2019-02-23,21,1,1.1,1.1,1.2,1.3,1.4,1.5,1.6,1.7000000000000002,1.8,1.9,2,2.2,2.4,2.7,3,3.5,"[0, 0, 0, 0, 0, 0, 0, 0, 0, 0]","[0, 0, 0, 0, 0, 0, 0, 0, 0, 0]",21.1,21,Sat,0.48% Increase
1,20,"[0, 0, 0, 0, 0, 0, 0, 0, 0, 0]","[0, 0, 0, 0, 0, 0, 0, 0, 0, 0]",2019-02-24,20,1,1.1,1.1,1.2,1.3,1.4,1.5,1.6,1.7000000000000002,1.8,1.9,2,2.2,2.4,2.7,3,3.5,"[0, 0, 0, 0, 0, 0, 0, 0, 0, 0]","[0, 0, 0, 0, 0, 0, 0, 0, 0, 0]",20.0,20,Sun,0.0% Drop
1,20,"[0, 0, 0, 0, 0, 0, 0, 0, 0, 0]","[0, 0, 0, 0, 0, 0, 0, 0, 0, 0]",2019-02-25,20,1,1.1,1.1,1.2,1.3,1.4,1.5,1.6,1.7000000000000002,1.8,1.9,2,2.2,2.4,2.7,3,3.5,"[0, 0, 0, 0, 0, 0, 0, 0, 0, 0]","[0, 0, 0, 0, 0, 0, 0, 0, 0, 0]",20.0,20,Mon,0.0% Drop
1,20,"[0, 0, 0, 0, 0, 0, 0, 0, 0, 0]","[0, 0, 0, 0, 0, 0, 0, 0, 0, 0]",2019-02-26,19,1,1.1,1.1,1.2,1.3,1.4,1.5,1.6,1.7000000000000002,1.8,1.9,2,2.2,2.4,2.7,3,3.5,"[0, 0, 0, 0, 0, 0, 0, 0, 0, 0]","[0, 0, 0, 0, 0, 0, 0, 0, 0, 0]",19.0,19,Tue,0.0% Drop
1,20,"[0, 0, 0, 0, 0, 0, 0, 0, 0, 0]","[0, 0, 0, 0, 0, 0, 0, 0, 0, 0]",2019-02-27,19,1,1.1,1.1,1.2,1.3,1.4,1.5,1.6,1.7000000000000002,1.8,1.9,2,2.2,2.4,2.7,3,3.5,"[0, 0, 0, 0, 0, 0, 0, 0, 0, 0]","[0, 0, 0, 0, 0, 0, 0, 0, 0, 0]",19.0,19,Wed,0.0% Drop
1,20,"[0, 0, 0, 0, 0, 0, 0, 0, 0, 0]","[0, 0, 0, 0, 0, 0, 0, 0, 0, 0]",2019-02-28,20,1,1.1,1.1,1.2,1.3,1.4,1.5,1.6,1.7000000000000002,1.8,1.9,2,2.2,2.4,2.7,3,3.5,"[0, 0, 0, 0, 0, 0, 0, 0, 0, 0]","[0, 0, 0, 0, 0, 0, 0, 0, 0, 0]",20.0,20,Thu,0.0% Drop
1,20,"[0, 0, 0, 0, 0, 0, 0, 0, 0, 0]","[0, 0, 0, 0, 0, 0, 0, 0, 0, 0]",2019-03-01,21,1,1.1,1.1,1.2,1.3,1.4,1.5,1.6,1.7000000000000002,1.8,1.9,2,2.2,2.4,2.7,3,3.5,"[0, 0, 0, 0, 0, 0, 0, 0, 0, 0]","[0, 0, 0, 0, 0, 0, 0, 0, 0, 0]",21.1,21,Fri,0.48% Increase
1,20,"[0, 0, 0, 0, 0, 0, 0, 0, 0, 0]","[0, 0, 0, 0, 0, 0, 0, 0, 0, 0]",2019-03-02,21,1,1.1,1.1,1.2,1.3,1.4,1.5,1.6,1.7000000000000002,1.8,1.9,2,2.2,2.4,2.7,3,3.5,"[0, 0, 0, 0, 0, 0, 0, 0, 0, 0]","[0, 0, 0, 0, 0, 0, 0, 0, 0, 0]",21.1,21,Sat,0.48% Increase
1,20,"[0, 0, 0, 0, 0, 0, 0, 0, 0, 0]","[0, 0, 0, 0, 0, 0, 0, 0, 0, 0]",2019-03-03,20,1,1.1,1.1,1.2,1.3,1.4,1.5,1.6,1.7000000000000002,1.8,1.9,2,2.2,2.4,2.7,3,3.5,"[0, 0, 0, 0, 0, 0, 0, 0, 0, 0]","[0, 0, 0, 0, 0, 0, 0, 0, 0, 0]",20.0,20,Sun,0.0% Drop
1,20,"[0, 0, 0, 0, 0, 0, 0, 0, 0, 0]","[0, 0, 0, 0, 0, 0, 0, 0, 0, 0]",2019-03-04,20,1,1.1,1.1,1.2,1.3,1.4,1.5,1.6,1.7000000000000002,1.8,1.9,2,2.2,2.4,2.7,3,3.5,"[0, 0, 0, 0, 0, 0, 0, 0, 0, 0]","[0, 0, 0, 0, 0, 0, 0, 0, 0, 0]",20.0,20,Mon,0.0% Drop
1,20,"[0, 0, 0, 0, 0, 0, 0, 0, 0, 0]","[0, 0, 0, 0, 0, 0, 0, 0, 0, 0]",2019-03-05,19,1,1.1,1.1,1.2,1.3,1.4,1.5,1.6,1.7000000000000002,1.8,1.9,2,2.2,2.4,2.7,3,3.5,"[0, 0, 0, 0, 0, 0, 0, 0, 0, 0]","[0, 0, 0, 0, 0, 0, 0, 0, 0, 0]",19.0,19,Tue,0.0% Drop
1,20,"[0, 0, 0, 0, 0, 0, 0, 0, 0, 0]","[0, 0, 0, 0, 0, 0, 0, 0, 0, 0]",2019-03-06,19,1,1.1,1.1,1.2,1.3,1.4,1.5,1.6,1.7000000000000002,1.8,1.9,2,2.2,2.4,2.7,3,3.5,"[0, 0, 0, 0, 0, 0, 0, 0, 0, 0]","[0, 0, 0, 0, 0, 0, 0, 0, 0, 0]",19.0,19,Wed,0.0% Drop
1,20,"[0, 0, 0, 0, 0, 0, 0, 0, 0, 0]","[0, 0, 0, 0, 0, 0, 0, 0, 0, 0]",2019-03-07,20,1,1.1,1.1,1.2,1.3,1.4,1.5,1.6,1.7000000000000002,1.8,1.9,2,2.2,2.4,2.7,3,3.5,"[0, 0, 0, 0, 0, 0, 0, 0, 0, 0]","[0, 0, 0, 0, 0, 0, 0, 0, 0, 0]",20.0,20,Thu,0.0% Drop
1,20,"[0, 0, 0, 0, 0, 0, 0, 0, 0, 0]","[0, 0, 0, 0, 0, 0, 0, 0, 0, 0]",2019-03-08,22,1,1.1,1.1,1.2,1.3,1.4,1.5,1.6,1.7000000000000002,1.8,1.9,2,2.2,2.4,2.7,3,3.5,"[0, 0, 0, 0, 0, 0, 0, 0, 0, 0]","[0, 0, 0, 0, 0, 0, 0, 0, 0, 0]",22.2,22,Fri,0.91% Increase
1,20,"[0, 0, 0, 0, 0, 0, 0, 0, 0, 0]","[0, 0, 0, 0, 0, 0, 0, 0, 0, 0]",2019-03-09,21,1,1.1,1.1,1.2,1.3,1.4,1.5,1.6,1.7000000000000002,1.8,1.9,2,2.2,2.4,2.7,3,3.5,"[0, 0, 0, 0, 0, 0, 0, 0, 0, 0]","[0, 0, 0, 0, 0, 0, 0, 0, 0, 0]",21.1,21,Sat,0.48% Increase
1,20,"[0, 0, 0, 0, 0, 0, 0, 0, 0, 0]","[0, 0, 0, 0, 0, 0, 0, 0, 0, 0]",2019-03-10,20,1,1.1,1.1,1.2,1.3,1.4,1.5,1.6,1.7000000000000002,1.8,1.9,2,2.2,2.4,2.7,3,3.5,"[0, 0, 0, 0, 0, 0, 0, 0, 0, 0]","[0, 0, 0, 0, 0, 0, 0, 0, 0, 0]",20.0,20,Sun,0.0% Drop
1,20,"[0, 0, 0, 0, 0, 0, 0, 0, 0, 0]","[0, 0, 0, 0, 0, 0, 0, 0, 0, 0]",2019-03-11,20,1,1.1,1.1,1.2,1.3,1.4,1.5,1.6,1.7000000000000002,1.8,1.9,2,2.2,2.4,2.7,3,3.5,"[0, 0, 0, 0, 0, 0, 0, 0, 0, 0]","[0, 0, 0, 0, 0, 0, 0, 0, 0, 0]",20.0,20,Mon,0.0% Drop
1,20,"[0, 0, 0, 0, 0, 0, 0, 0, 0, 0]","[0, 0, 0, 0, 0, 0, 0, 0, 0, 0]",2019-03-12,19,1,1.1,1.1,1.2,1.3,1.4,1.5,1.6,1.7000000000000002,1.8,1.9,2,2.2,2.4,2.7,3,3.5,"[0, 0, 0, 0, 0, 0, 0, 0, 0, 0]","[0, 0, 0, 0, 0, 0, 0, 0, 0, 0]",19.0,19,Tue,0.0% Drop
